[{"time":1717474857,"title":"Skin Menu","message":"**STAFF MEMBER Lucas** opened skin menu for Lucas","from":"adminactions"},{"time":1717475328,"title":"Lucas (1) está morto","message":"Eles mesmos ou um NPC matou Lucas com um **Desconhecido** (Desconhecido)","from":"death"},{"time":1717483163,"title":"Set Job","message":"**STAFF MEMBER Lucas** set the job of Lucas to taxi (0)","from":"adminactions"},{"time":1717483205,"title":"Set Job","message":"**STAFF MEMBER Lucas** set the job of Lucas to taxi (0)","from":"adminactions"},{"time":1717483235,"title":"Set Job","message":"**STAFF MEMBER Lucas** set the job of Lucas to police (3)","from":"adminactions"},{"time":1717483291,"title":"Set Job","message":"**STAFF MEMBER Lucas** set the job of Lucas to police (1)","from":"adminactions"},{"time":1717525315,"title":"Set Job","message":"**STAFF MEMBER Lucas** set the job of Lucas to police (3)","from":"adminactions"},{"time":1717525429,"title":"Set Job","message":"**STAFF MEMBER Lucas** set the job of Lucas to police (1)","from":"adminactions"},{"time":1717525666,"title":"Set Job","message":"**STAFF MEMBER Lucas** set the job of Lucas to taxi (0)","from":"adminactions"},{"time":1717525762,"title":"Set Job","message":"**STAFF MEMBER Lucas** fired Lucas from their job.","from":"adminactions"},{"time":1717525765,"title":"Set Gang","message":"**STAFF MEMBER Lucas** removed Lucas from their gang.","from":"adminactions"},{"time":1717525802,"title":"Set Job","message":"**STAFF MEMBER Lucas** set the job of Lucas to police (3)","from":"adminactions"},{"time":1717525819,"title":"Set Job","message":"**STAFF MEMBER Lucas** fired Lucas from their job.","from":"adminactions"},{"time":1717525847,"title":"Set Job","message":"**STAFF MEMBER Lucas** set the job of Lucas to taxi (0)","from":"adminactions"},{"time":1717525895,"title":"Set Job","message":"**STAFF MEMBER Lucas** set the job of Lucas to police (1)","from":"adminactions"},{"time":1717525947,"title":"Set Job","message":"**STAFF MEMBER Lucas** set the job of Lucas to taxi (0)","from":"adminactions"},{"time":1717525958,"title":"Set Job","message":"**STAFF MEMBER Lucas** set the job of Lucas to police (1)","from":"adminactions"},{"time":1717526138,"title":"Set Job","message":"**STAFF MEMBER Lucas** set the job of Lucas to taxi (0)","from":"adminactions"},{"time":1717528025,"title":"Set Job","message":"**STAFF MEMBER Lucas** set the job of Lucas to police (3)","from":"adminactions"},{"time":1717528048,"title":"Set Job","message":"**STAFF MEMBER Lucas** set the job of Lucas to police (1)","from":"adminactions"},{"time":1717528184,"title":"Set Job","message":"**STAFF MEMBER Lucas** set the job of Lucas to police (2)","from":"adminactions"},{"time":1717528194,"title":"Set Job","message":"**STAFF MEMBER Lucas** set the job of Lucas to taxi (0)","from":"adminactions"},{"time":1717528202,"title":"Set Job","message":"**STAFF MEMBER Lucas** set the job of Lucas to police (2)","from":"adminactions"},{"time":1717528218,"title":"Set Job","message":"**STAFF MEMBER Lucas** set the job of Lucas to police (1)","from":"adminactions"},{"time":1717528297,"title":"Set Job","message":"**STAFF MEMBER Lucas** set the job of Lucas to police (1)","from":"adminactions"},{"time":1717528320,"title":"Set Job","message":"**STAFF MEMBER Lucas** set the job of Lucas to taxi (0)","from":"adminactions"},{"from":"adminactions","title":"Set Job","message":"**STAFF MEMBER Lucas** set the job of Lucas to police (1)","time":1717529024},{"time":1717531287,"title":"Set Job","message":"**STAFF MEMBER Lucas** set the job of Lucas to taxi (0)","from":"adminactions"},{"time":1717531295,"title":"Set Job","message":"**STAFF MEMBER Lucas** set the job of Lucas to police (1)","from":"adminactions"},{"time":1717531313,"title":"Set Job","message":"**STAFF MEMBER Lucas** set the job of Lucas to taxi (0)","from":"adminactions"}]